{"cameraMode":{"drawMode":0,"name":"Shaded","section":"Shading Mode"},"sceneLighting":false,"audioPlay":false,"sceneViewState":{"showFog":false,"showMaterialUpdate":false,"showSkybox":false,"showFlares":false,"showImageEffects":false,"showParticleSystems":false},"in2DMode":false,"pivot":{"x":-2.641845703125,"y":0.8981170654296875,"z":-13.0911865234375},"rotation":{"x":-0.03701943904161453,"y":0.47144269943237307,"z":0.019812246784567834,"w":0.8808965086936951},"size":4.710399150848389,"orthographic":false}